molecule_chembl_id,canonical_smiles,bioactivity_class,standard_value
CHEMBL406178,COc1ccc(CCNC(=O)CN(CC(=O)N[C@H]2C[C@@H]2c2ccccc2)C(=O)Cn2c(C(=O)N[C@H]3CCCC[C@@H]3NC(=O)c3cc4ccccc4n3CC(=O)N(CC(=O)NCCc3ccc(OC)cc3)CC(=O)N[C@@H]3C[C@H]3c3ccccc3)cc3ccccc32)cc1,intermediate,7600.0
CHEMBL261728,O=C(NCc1ccccc1)[C@@H]1CN(C(=O)c2ccc(-c3ccc(C(=O)N4C[C@H](C(=O)NCc5ccccc5)[C@@H](C(=O)NC5C[C@@H]5c5ccccc5)C4)cc3)cc2)C[C@H]1C(=O)NC1C[C@H]1c1ccccc1,inactive,91200.0
CHEMBL438558,O=C(NCCc1ccccc1)[C@@H]1CN(C(=O)c2ccc(-c3ccc(C(=O)N4C[C@H](C(=O)NCCc5ccccc5)[C@@H](C(=O)NC(c5ccccc5)c5ccccc5)C4)cc3)cc2)C[C@H]1C(=O)NC(c1ccccc1)c1ccccc1,inactive,54200.0
CHEMBL259400,COC(=O)c1cc2c3c(ccc2[nH]1)N(C(=O)c1nc2ccc(NC(=O)c4cc(NC(=O)OC(C)(C)C)cs4)cc2o1)CC3,inactive,46200.0
CHEMBL405801,COc1cccc(CCNC(=O)CN(CC(=O)NC2CCCc3ccccc32)C(=O)Cn2c(C(=O)N[C@H]3CCCC[C@@H]3NC(=O)c3cc4ccccc4n3CC(=O)N(CC(=O)NCCc3cccc(OC)c3)CC(=O)NC3CCCc4ccccc43)cc3ccccc32)c1,inactive,19100.0
CHEMBL442459,O=C(CN(CC(=O)NCc1cc(F)cc(C(F)(F)F)c1)C(=O)Cn1c(C(=O)N[C@H]2CCCC[C@@H]2NC(=O)c2cc3ccccc3n2CC(=O)N(CC(=O)NCCc2ccc(O)cc2)CC(=O)NCc2cc(F)cc(C(F)(F)F)c2)cc2ccccc21)NCCc1ccc(O)cc1,inactive,14300.0
CHEMBL261424,CCC1CN(C(=O)/C=C/c2ccccc2)CC(=O)N1Cc1ccc(C)cc1,inactive,12500.0
CHEMBL483873,O=C(CCS)Nc1cc(-c2ccc(Cl)cc2)n[nH]1,inactive,195000.0
CHEMBL483874,O=C(CS)Nc1cc(-c2ccc(Cl)cc2)n[nH]1,intermediate,4800.0
CHEMBL473374,O=C(CS)Nc1cc(-c2ccccc2)n[nH]1,inactive,14500.0
CHEMBL452427,O=C(CS)Nc1cc(-c2ccc(F)cc2)n[nH]1,inactive,13500.0
CHEMBL452164,O=C(CS)Nc1cc(-c2ccc(Br)cc2)n[nH]1,intermediate,6600.0
CHEMBL499291,O=C(CS)Nc1cc(-c2ccc(C(F)(F)F)cc2)n[nH]1,inactive,10000.0
CHEMBL449909,O=C(CS)Nc1cc(-c2ccc([N+](=O)[O-])cc2)n[nH]1,intermediate,2900.0
CHEMBL491851,Cc1ccc(-c2cc(NC(=O)CS)[nH]n2)cc1,inactive,21000.0
CHEMBL491852,COc1ccc(-c2cc(NC(=O)CS)[nH]n2)cc1,inactive,74500.0
CHEMBL491853,O=C(CS)Nc1cc(-c2ccccc2Cl)n[nH]1,inactive,26000.0
CHEMBL491051,O=C(CS)Nc1cc(-c2cccc(Cl)c2)n[nH]1,intermediate,5600.0
CHEMBL489617,O=C(CS)Nc1cc(-c2ccccc2C(F)(F)F)n[nH]1,intermediate,7200.0
CHEMBL489824,O=C(CS)Nc1cc(-c2cccc(C(F)(F)F)c2)n[nH]1,inactive,13000.0
CHEMBL237370,O=C(/C=C/c1ccc(Cl)cc1Cl)NO,intermediate,2400.0
CHEMBL450398,CC(=O)O[C@H]1C[C@H]2[C@H]([C@@H]3CC[C@H]([C@H](C)CCCNCCNc4ccnc5cc(Cl)ccc45)[C@@]13C)[C@H](OC(C)=O)C[C@@H]1C[C@H](OC(C)=O)CC[C@@]12C,inactive,10000.0
CHEMBL512475,Clc1ccc2c(NCCCNCC34CC5CC(CC(C5)C3)C4)ccnc2c1,inactive,31980.0
CHEMBL467809,Clc1ccc2c(NCCNCC34CC5CC(CC(C5)C3)C4)ccnc2c1,inactive,18920.0
CHEMBL513526,Clc1ccc2c(NCCCNCCC34CC5CC(CC(C5)C3)C4)ccnc2c1,inactive,50100.0
CHEMBL468844,Clc1ccc2c(NCCNCCC34CC5CC(CC(C5)C3)C4)ccnc2c1,inactive,11810.0
CHEMBL500206,COC(=O)CC[C@@H](C)[C@H]1CC[C@H]2[C@H]3[C@H](C[C@H](OC(C)=O)[C@@]21C)[C@@]1(C)CC[C@@H](NCCNc2ccnc4cc(Cl)ccc24)C[C@H]1C[C@H]3OC(C)=O,intermediate,7000.0
CHEMBL446050,COC(=O)CC[C@@H](C)[C@H]1CC[C@H]2[C@H]3[C@H](C[C@H](OC(C)=O)[C@@]21C)[C@@]1(C)CC[C@H](NCCNc2ccnc4cc(Cl)ccc24)C[C@H]1C[C@H]3OC(C)=O,inactive,17000.0
CHEMBL237370,O=C(/C=C/c1ccc(Cl)cc1Cl)NO,active,0.5
CHEMBL237370,O=C(/C=C/c1ccc(Cl)cc1Cl)NO,inactive,29000.0
CHEMBL42527,Clc1ccc2c(NCCCNCCCNc3ccnc4cc(Cl)ccc34)ccnc2c1,inactive,11300.0
CHEMBL289577,N=C(N)c1ccc(Oc2ccc(-c3cc4ccc(C(=N)N)cc4[nH]3)cc2)cc1,intermediate,3000.0
CHEMBL237370,O=C(/C=C/c1ccc(Cl)cc1Cl)NO,active,900.0
CHEMBL237776,Cc1cc(Cl)ccc1/C=C/C(=O)NO,active,800.0
CHEMBL593815,CCCCCc1ccc(C(=O)NO)cc1,inactive,41000.0
CHEMBL610755,O=C1C=CC(=O)C1=Cc1ccc(Cl)cc1Cl,inactive,600000.0
CHEMBL237370,O=C(/C=C/c1ccc(Cl)cc1Cl)NO,inactive,900000.0
CHEMBL592938,O=C1C=CC(=O)N1Cc1ccc(Cl)cc1Cl,inactive,62500.0
CHEMBL592938,O=C1C=CC(=O)N1Cc1ccc(Cl)cc1Cl,inactive,125000.0
CHEMBL597791,CN(C)CC/N=C(\N)c1ccc(Oc2ccc(-c3cc4ccc(/C(N)=N/CCN(C)C)cc4[nH]3)cc2)cc1,intermediate,2500.0
CHEMBL597791,CN(C)CC/N=C(\N)c1ccc(Oc2ccc(-c3cc4ccc(/C(N)=N/CCN(C)C)cc4[nH]3)cc2)cc1,intermediate,4400.0
CHEMBL598001,c1cc(C2=NCCN2)ccc1Oc1ccc(-c2cc3ccc(C4=NCCN4)cc3s2)cc1,intermediate,7100.0
CHEMBL604498,OC1CN=C(c2ccc(Oc3ccc(-c4cc5ccc(C6=NCC(O)CN6)cc5[nH]4)cc3)cc2)NC1,intermediate,7300.0
CHEMBL167448,c1cc(C2=NCCN2)ccc1Oc1ccc(-c2cc3ccc(C4=NCCN4)cc3[nH]2)cc1,intermediate,9400.0
CHEMBL3216444,Cl.Cl.N=C(N)c1ccc(Oc2ccc(-c3cc4ccc(C(=N)N)cc4[nH]3)cc2)cc1,inactive,11000.0
CHEMBL167448,c1cc(C2=NCCN2)ccc1Oc1ccc(-c2cc3ccc(C4=NCCN4)cc3[nH]2)cc1,inactive,12500.0
CHEMBL3216444,Cl.Cl.N=C(N)c1ccc(Oc2ccc(-c3cc4ccc(C(=N)N)cc4[nH]3)cc2)cc1,inactive,17000.0
CHEMBL164837,c1cc(-c2cc3ccc(C4=NCCN4)cc3[nH]2)ccc1C1=NCCN1,inactive,20000.0
CHEMBL597792,c1cc(C2=NCCCN2)ccc1Oc1ccc(-c2cc3ccc(C4=NCCCN4)cc3[nH]2)cc1,inactive,21000.0
CHEMBL597598,c1cc(C2=NCCN2)ccc1Oc1ccc(-c2nc3ccc(C4=NCCN4)cc3[nH]2)cc1,inactive,24500.0
CHEMBL597587,N#Cc1ccc(Oc2ccc(-c3cc4ccc(C(=N)N)cc4[nH]3)cc2)cc1,inactive,25000.0
CHEMBL598002,Clc1ccc(Oc2ccc(-c3cc4ccc(C5=NCCN5)cc4[nH]3)cc2)c(Cl)c1,inactive,25000.0
CHEMBL598001,c1cc(C2=NCCN2)ccc1Oc1ccc(-c2cc3ccc(C4=NCCN4)cc3s2)cc1,inactive,25000.0
CHEMBL597599,c1cc(C2=NCCCN2)ccc1Oc1ccc(-c2nc3ccc(C4=NCCCN4)cc3[nH]2)cc1,inactive,28000.0
CHEMBL597802,N#Cc1ccc(Oc2ccc(-c3cc4ccc(C5=NCCN5)cc4[nH]3)cc2)c(Cl)c1,inactive,30000.0
CHEMBL597599,c1cc(C2=NCCCN2)ccc1Oc1ccc(-c2nc3ccc(C4=NCCCN4)cc3[nH]2)cc1,inactive,41000.0
CHEMBL354449,c1cc(-c2cc3ccc(C4=NCCN4)cc3s2)ccc1C1=NCCN1,inactive,43000.0
CHEMBL597792,c1cc(C2=NCCCN2)ccc1Oc1ccc(-c2cc3ccc(C4=NCCCN4)cc3[nH]2)cc1,inactive,43000.0
CHEMBL597610,COc1ccc(Oc2ccc(-c3cc4ccc(C5=NCCN5)cc4[nH]3)cc2)cc1,inactive,45000.0
CHEMBL598002,Clc1ccc(Oc2ccc(-c3cc4ccc(C5=NCCN5)cc4[nH]3)cc2)c(Cl)c1,inactive,52000.0
CHEMBL603464,c1cc(C2=NCCCN2)ccc1Oc1ccc(-c2cc3ccc(C4=NCCCN4)cc3s2)cc1,inactive,54000.0
CHEMBL606405,NCCNc1ccc(Oc2ccc(-c3nc4ccc(C5=NCCN5)cc4s3)cc2)cc1,inactive,56000.0
CHEMBL598622,c1cc(C2=NCCCN2)ccc1Oc1ccc(-c2cc3ccc(C4=NCCCN4)cc3[nH]2)nc1,inactive,67000.0
CHEMBL603251,c1cc(C2=NCCN2)ccc1Oc1ccc(-c2cc3ccc(C4=NCCN4)cc3[nH]2)nc1,inactive,69000.0
CHEMBL598231,N#Cc1ccc(Oc2ccc(-c3cc4ccc(C#N)cc4[nH]3)cc2)cc1,inactive,100000.0
CHEMBL604103,NC(=O)c1ccc(Oc2ccc(-c3cc4ccc(C(N)=O)cc4[nH]3)cc2)cc1,inactive,100000.0
CHEMBL599436,N#Cc1ccc(Oc2ccc(-c3cc4ccc(C#N)cc4[nH]3)nc2)cc1,inactive,100000.0
CHEMBL598621,N#Cc1ccc(Oc2ccc(-c3cc4ccc(C#N)cc4[nH]3)cc2)c(Cl)c1,inactive,100000.0
CHEMBL597398,Clc1ccc2cc(-c3ccc(Oc4ccc(C5=NCCN5)cc4)cc3)[nH]c2c1,inactive,100000.0
CHEMBL599856,N#Cc1ccc2cc(-c3ccc(Oc4ccc(F)cc4)cc3)[nH]c2c1,inactive,100000.0
CHEMBL605845,NC(=O)c1ccc2cc(-c3ccc(Oc4ccc(F)cc4)cc3)[nH]c2c1,inactive,100000.0
CHEMBL603312,N=C(N)c1ccc2cc(-c3ccc(Oc4ccc(F)cc4)cc3)[nH]c2c1,inactive,100000.0
CHEMBL603247,Fc1ccc(Oc2ccc(-c3cc4ccc(C5=NCCN5)cc4[nH]3)cc2)cc1,inactive,100000.0
CHEMBL598433,COc1ccc(Oc2ccc(-c3cc4ccc(C(N)=O)cc4[nH]3)cc2)cc1,inactive,100000.0
CHEMBL598634,COc1ccc(Oc2ccc(-c3cc4ccc(C(=N)N)cc4[nH]3)cc2)cc1,inactive,100000.0
CHEMBL1163029,c1cc(-c2cc3ccc(C4=NCCCN4)cc3[nH]2)ccc1C1=NCCCN1,inactive,100000.0
CHEMBL1163030,c1cc(-c2cc3ccc(C4=NCCCN4)cc3s2)ccc1C1=NCCCN1,inactive,100000.0
CHEMBL599053,NC(=O)c1ccc2nc(-c3ccc(Oc4ccc(F)cc4)cc3)sc2c1,inactive,100000.0
CHEMBL603251,c1cc(C2=NCCN2)ccc1Oc1ccc(-c2cc3ccc(C4=NCCN4)cc3[nH]2)nc1,inactive,100000.0
CHEMBL598622,c1cc(C2=NCCCN2)ccc1Oc1ccc(-c2cc3ccc(C4=NCCCN4)cc3[nH]2)nc1,inactive,100000.0
CHEMBL237370,O=C(/C=C/c1ccc(Cl)cc1Cl)NO,active,410.0
CHEMBL599255,CCOc1ccc(C(Nc2cccnc2)c2cc(Cl)c3cccnc3c2O)cc1,active,500.0
CHEMBL591192,NCCCCCCCNCCCCCCCNC(=O)c1cc(CCC(=O)NO)c(CCC(O)(c2ccccc2)c2ccccc2)[nH]1,active,1000.0
CHEMBL1688557,Oc1c(C(Nc2cccc3cccnc23)c2ccccc2)ccc2cccnc12,intermediate,3200.0
CHEMBL1688557,Oc1c(C(Nc2cccc3cccnc23)c2ccccc2)ccc2cccnc12,intermediate,3900.0
CHEMBL1688558,Oc1c(C(Nc2ccccn2)c2ccccc2)ccc2cccnc12,intermediate,1600.0
CHEMBL1688558,Oc1c(C(Nc2ccccn2)c2ccccc2)ccc2cccnc12,intermediate,1500.0
CHEMBL1688559,Oc1c(C(Nc2cccnc2)c2ccc(C(F)(F)F)cc2)ccc2cccnc12,intermediate,4700.0
CHEMBL1688559,Oc1c(C(Nc2cccnc2)c2ccc(C(F)(F)F)cc2)ccc2cccnc12,intermediate,5000.0
CHEMBL1688560,Oc1c(C(Nc2cccnc2)c2ccccc2F)ccc2cccnc12,intermediate,3900.0
CHEMBL1688560,Oc1c(C(Nc2cccnc2)c2ccccc2F)ccc2cccnc12,intermediate,2400.0
CHEMBL599255,CCOc1ccc(C(Nc2cccnc2)c2cc(Cl)c3cccnc3c2O)cc1,intermediate,2100.0
CHEMBL599255,CCOc1ccc(C(Nc2cccnc2)c2cc(Cl)c3cccnc3c2O)cc1,intermediate,1600.0
CHEMBL1761333,C=C(C)[C@@H]1CC[C@]2(COC(=O)CCC(=O)O)CC[C@]3(C)[C@H](CC[C@@H]4[C@@]5(C)CC[C@H](O)C(C)(C)[C@@H]5CC[C@]43C)[C@@H]12,intermediate,1500.0
CHEMBL1076486,C=C(C)[C@@H]1CC[C@]2(COC(=O)COc3cc(C(C)C)ccc3C)CC[C@]3(C)[C@H](CC[C@@H]4[C@@]5(C)CC[C@H](O)C(C)(C)[C@@H]5CC[C@]43C)[C@@H]12,inactive,10000.0
CHEMBL269277,C=C(C)[C@@H]1CC[C@]2(C(=O)O)CC[C@]3(C)[C@H](CC[C@@H]4[C@@]5(C)CC[C@H](O)C(C)(C)[C@@H]5CC[C@]43C)[C@@H]12,inactive,20000.0
CHEMBL295602,C=C(C)[C@@H]1CC[C@]2(C(=O)OC)CC[C@]3(C)[C@H](CC[C@@H]4[C@@]5(C)CC[C@H](O)C(C)(C)[C@@H]5CC[C@]43C)[C@@H]12,inactive,100000.0
CHEMBL431525,C=C(C)[C@@H]1CC[C@]2(C(=O)O)CC[C@]3(C)[C@H](CC[C@@H]4[C@@]5(C)CCC(=O)C(C)(C)[C@@H]5CC[C@]43C)[C@@H]12,inactive,100000.0
CHEMBL1933865,COc1ccc(/C=C(\C#N)c2nc3ccccc3[nH]2)cc1I,intermediate,7200.0
CHEMBL116847,COc1ccc(/C=C(\C#N)c2nc3ccccc3[nH]2)cc1,inactive,100000.0
CHEMBL1933866,N#C/C(=C\c1cccc(I)c1)c1nc2ccccc2[nH]1,inactive,100000.0
CHEMBL1933867,COc1ccc(/C=C(\C#N)c2nc3ccccc3[nH]2)cc1Br,inactive,100000.0
CHEMBL1933868,COc1ccc(/C=C(\C#N)c2nc3ccccc3[nH]2)cc1Cl,inactive,100000.0
CHEMBL1933869,COc1ccc(/C=C(\C#N)c2nc3ccccc3[nH]2)cc1F,inactive,100000.0
CHEMBL1933870,COc1ccc(/C=C(\C#N)c2nc3ccccc3[nH]2)cc1OC,inactive,100000.0
CHEMBL1933871,COc1cc(/C=C(\C#N)c2nc3ccccc3[nH]2)cc(Cl)c1O,inactive,59000.0
CHEMBL1933872,COc1cc(-c2ccc(/C=C(\C#N)c3nc4ccccc4[nH]3)cc2)cc(Br)c1O,inactive,94000.0
CHEMBL1933873,N#C/C(=C\c1ccc(-c2ccccc2)cc1)c1nc2ccccc2[nH]1,inactive,86000.0
CHEMBL1933874,N#C/C(=C\c1ccc(-c2ncc[nH]2)cc1)c1nc2ccccc2[nH]1,inactive,73000.0
CHEMBL1933875,COc1cc(/C=C(\C#N)c2nc3ccccc3[nH]2)cc(OC)c1OC,inactive,100000.0
CHEMBL1933876,N#C/C(=C\c1cc(-c2ccccc2)cnc1Cl)c1nc2ccccc2[nH]1,inactive,100000.0
CHEMBL1933877,N#C/C(=C\c1c(Cl)ncnc1Cl)c1nc2ccccc2[nH]1,inactive,100000.0
CHEMBL1933878,Cc1c(/C=C(\C#N)c2nc3ccccc3[nH]2)sc2ccccc12,inactive,100000.0
CHEMBL1933879,N#C/C(=C\c1c[nH]c2ccc(Br)cc12)c1nc2ccccc2[nH]1,inactive,100000.0
CHEMBL1933880,N#C/C(=C\c1c[nH]c2cccc([N+](=O)[O-])c12)c1nc2ccccc2[nH]1,inactive,100000.0
CHEMBL1933881,N#C/C(=C\c1c[nH]c2c1ccc1ccccc12)c1nc2ccccc2[nH]1,inactive,100000.0
CHEMBL1933882,N#C/C(=C\c1ccc(-c2cccs2)s1)c1nc2ccccc2[nH]1,inactive,26000.0
CHEMBL118009,Cc1ccc(/C=C(\C#N)c2nc3ccccc3[nH]2)s1,inactive,100000.0
CHEMBL1933883,Cc1cc(/C=C(\C#N)c2nc3ccccc3[nH]2)sc1C,inactive,100000.0
CHEMBL116569,N#C/C(=C\c1cccs1)c1nc2ccccc2[nH]1,inactive,100000.0
CHEMBL1933884,N#C/C(=C\c1ccc(-c2ccco2)s1)c1nc2ccccc2[nH]1,inactive,59000.0
CHEMBL1933885,N#C/C(=C\c1ccc(-c2cccs2)o1)c1nc2ccccc2[nH]1,inactive,100000.0
CHEMBL1933886,N#C/C(=C\c1ccc(-c2cccs2)s1)c1cc2ccccc2[nH]1,inactive,100000.0
CHEMBL1933887,N#C/C(=C\c1ccc(-c2cccs2)s1)c1nc2ccccc2s1,inactive,100000.0
CHEMBL1933888,N#C/C(=C\c1ccc(-c2cccs2)s1)c1nc2ccccc2o1,inactive,100000.0
CHEMBL1933889,N#C/C(=C\c1ccc(-c2cccs2)s1)c1ccc2ccccc2n1,inactive,100000.0
CHEMBL1933890,Cn1c(/C(C#N)=C/c2ccc(-c3cccs3)s2)[n+](C)c2ccccc21.[I-],inactive,100000.0
CHEMBL1933865,COc1ccc(/C=C(\C#N)c2nc3ccccc3[nH]2)cc1I,inactive,10000.0
CHEMBL1933882,N#C/C(=C\c1ccc(-c2cccs2)s1)c1nc2ccccc2[nH]1,inactive,29000.0
CHEMBL1933882,N#C/C(=C\c1ccc(-c2cccs2)s1)c1nc2ccccc2[nH]1,inactive,17000.0
CHEMBL237370,O=C(/C=C/c1ccc(Cl)cc1Cl)NO,active,670.0
CHEMBL2032250,O=C(/C=C/c1ccc(Br)cc1Cl)NO,active,690.0
CHEMBL2032251,O=C(/C=C/c1ccccc1Cl)NO,inactive,13400.0
CHEMBL2032252,O=C(/C=C/c1ccc(-c2ccccc2)cc1Cl)NO,intermediate,1230.0
CHEMBL2032253,O=C(/C=C/c1ccc(-c2ccc(F)cc2)cc1Cl)NO,intermediate,9490.0
CHEMBL2032247,O=C(/C=C/c1ccc(-c2cccc(F)c2)cc1Cl)NO,inactive,31300.0
CHEMBL2032248,O=C(/C=C/c1ccc(-c2ccc(F)cc2F)cc1Cl)NO,active,980.0
CHEMBL2032249,O=C(/C=C/c1ccc(-c2cc(F)c(F)c(F)c2)cc1Cl)NO,active,640.0
CHEMBL2032254,Nc1ccccc1-c1ccc(/C=C/C(=O)NO)c(Cl)c1,active,550.0
CHEMBL2032255,COc1ccc(-c2ccc(/C=C/C(=O)NO)c(Cl)c2)cc1,inactive,32300.0
CHEMBL2032256,COc1cccc(-c2ccc(/C=C/C(=O)NO)c(Cl)c2)c1,inactive,24900.0
CHEMBL2032257,Cc1ccc(-c2ccc(/C=C/C(=O)NO)c(Cl)c2)cc1,inactive,60700.0
CHEMBL2032258,Cc1cccc(-c2ccc(/C=C/C(=O)NO)c(Cl)c2)c1,inactive,100000.0
CHEMBL2032259,O=C(/C=C/c1ccc(-c2cccc(C(F)(F)F)c2)cc1Cl)NO,inactive,38200.0
CHEMBL2032260,O=C(/C=C/c1ccc(-c2ccc(C(F)(F)F)cc2)cc1Cl)NO,inactive,35700.0
CHEMBL2032261,O=C(/C=C/c1ccc(-c2ccc3c(c2)OCO3)cc1Cl)NO,inactive,33100.0
CHEMBL2032262,CS(=O)(=O)c1ccc(-c2ccc(/C=C/C(=O)NO)c(Cl)c2)cc1,inactive,15400.0
CHEMBL2032263,O=C(/C=C/c1ccc(-c2ccc(S(=O)(=O)N3CCOCC3)cc2)cc1Cl)NO,inactive,100000.0
CHEMBL2032264,O=C(/C=C/c1ccc(/C=C/c2ccccc2)cc1Cl)NO,inactive,68400.0
CHEMBL2032265,CC(C)COc1ccc(/C=C/C(=O)NO)c(Cl)c1,inactive,42700.0
CHEMBL2032266,O=C(/C=C/c1ccc(N2CCCCC2)cc1Cl)NO,intermediate,1130.0
CHEMBL2032267,O=C(/C=C/c1ccc(N2CCOCC2)cc1Cl)NO,inactive,35000.0
CHEMBL2032268,O=C(/C=C/c1ccc(N2CCNCC2)cc1Cl)NO,inactive,100000.0
CHEMBL2032269,O=C(/C=C/c1ccc(-c2cccnc2)cc1Cl)NO,active,230.0
CHEMBL2032270,O=C(/C=C/c1ccc(-c2cncc(Cl)c2)cc1Cl)NO,inactive,27300.0
CHEMBL2032271,COc1cncc(-c2ccc(/C=C/C(=O)NO)c(Cl)c2)c1,inactive,35300.0
CHEMBL2032381,COc1ccc(-c2ccc(/C=C/C(=O)NO)c(Cl)c2)cn1,active,560.0
CHEMBL2032382,COc1cc(C)c(-c2ccc(/C=C/C(=O)NO)c(Cl)c2)cn1,active,750.0
CHEMBL2032383,COc1ncccc1-c1ccc(/C=C/C(=O)NO)c(Cl)c1,active,660.0
CHEMBL2032384,COc1ccc(-c2ccc(/C=C/C(=O)NO)c(Cl)c2)c(OC)n1,intermediate,8010.0
CHEMBL2032385,COc1ncc(-c2ccc(/C=C/C(=O)NO)c(Cl)c2)cc1Cl,inactive,100000.0
CHEMBL2032386,O=C(/C=C/c1ccc(-c2cnc3ccccc3c2)cc1Cl)NO,inactive,10000.0
CHEMBL2032387,O=C(/C=C/c1ccc(-c2ccncc2)cc1Cl)NO,active,610.0
CHEMBL2032388,O=C(/C=C/c1ccc(-c2cncnc2)cc1Cl)NO,intermediate,2790.0
CHEMBL2032389,COc1ncc(-c2ccc(/C=C/C(=O)NO)c(Cl)c2)cn1,intermediate,1210.0
CHEMBL2032390,CN(C)c1ccc(-c2ccc(/C=C/C(=O)NO)c(Cl)c2)cn1,inactive,73200.0
CHEMBL2032391,CNC(=O)c1ccc(-c2ccc(/C=C/C(=O)NO)c(Cl)c2)cn1,inactive,12300.0
CHEMBL2032392,CN1CCN(c2ccc(-c3ccc(/C=C/C(=O)NO)c(Cl)c3)cn2)CC1,inactive,21300.0
CHEMBL2032393,Cn1nccc1-c1ccc(/C=C/C(=O)NO)c(Cl)c1,intermediate,1320.0
CHEMBL2032394,Cn1cc(-c2ccc(/C=C/C(=O)NO)c(Cl)c2)cn1,inactive,24900.0
CHEMBL2032395,Cn1cncc1-c1ccc(/C=C/C(=O)NO)c(Cl)c1,inactive,22300.0
CHEMBL2032396,Cc1noc(C)c1-c1ccc(/C=C/C(=O)NO)c(Cl)c1,intermediate,1160.0
CHEMBL2032397,O=C(/C=C/c1ccc(-c2cn[nH]c2)cc1Cl)NO,inactive,66200.0
CHEMBL2032398,O=C(/C=C/c1ccc(-c2cc[nH]n2)cc1Cl)NO,intermediate,9110.0
CHEMBL1505471,COC(=O)c1ccc(O)c2nc3c(C=O)c(O)cc(O)c3nc12,inactive,50000.0
CHEMBL428647,CC(=O)O[C@H]1C(=O)[C@]2(C)[C@@H](O)C[C@H]3OC[C@@]3(OC(C)=O)[C@H]2[C@H](OC(=O)c2ccccc2)[C@]2(O)C[C@H](OC(=O)[C@H](O)[C@@H](NC(=O)c3ccccc3)c3ccccc3)C(C)=C1C2(C)C,intermediate,5200.0
CHEMBL2336718,O=C(CC12CC3CC(C1)CC(c1ccc(-c4ccccc4)cc1)(C3)C2)NO,active,200.0
CHEMBL2336717,O=C(CC12CC3CC(C1)CC(c1ccc([N+](=O)[O-])cc1[N+](=O)[O-])(C3)C2)NO,active,400.0
CHEMBL2336716,O=C(CC12CC3CC(C1)CC(c1ccc([N+](=O)[O-])cc1)(C3)C2)NO,active,500.0
CHEMBL2336715,O=C(CC12CC3CC(C1)CC(c1ccc(Br)cc1)(C3)C2)NO,active,40.0
CHEMBL2336714,O=C(CC12CC3CC(C1)CC(c1ccc(Cl)cc1)(C3)C2)NO,active,30.0
CHEMBL2336713,COc1ccc(C23CC4CC(CC(CC(=O)NO)(C4)C2)C3)cc1,active,250.0
CHEMBL2336712,Cc1ccc(C23CC4CC(CC(CC(=O)NO)(C4)C2)C3)cc1,active,250.0
CHEMBL2336711,O=C(CC12CC3CC(C1)CC(c1ccc4c(c1)CCCC4)(C3)C2)NO,active,1000.0
CHEMBL2336710,O=C(CC12CC3CC(C1)CC(c1ccc4ccccc4c1)(C3)C2)NO,active,300.0
CHEMBL2336709,O=C(CC12CC3CC(C1)CC(c1ccccc1)(C3)C2)NO,active,500.0
CHEMBL2336708,O=C(CC12CC3CC(CC(CO)(C3)C1)C2)NO,intermediate,3400.0
CHEMBL2336707,O=C(CC12CC3CC(C1)CC(C(=O)O)(C3)C2)NO,inactive,500000.0
CHEMBL2336727,O=C(CC12CC3CC(CC(Br)(C3)C1)C2)NO,intermediate,1400.0
CHEMBL2336726,O=C(CC12CC3CC(CC(Cl)(C3)C1)C2)NO,intermediate,1400.0
CHEMBL2336725,O=C(CC12CC3CC(CC(F)(C3)C1)C2)NO,intermediate,3100.0
CHEMBL2336724,CC(=O)OC12CC3CC(CC(CC(=O)NO)(C3)C1)C2,inactive,24000.0
CHEMBL2336723,COC12CC3CC(CC(CC(=O)NO)(C3)C1)C2,intermediate,5700.0
CHEMBL2336722,O=C(CC12CC3CC(CC(O)(C3)C1)C2)NO,inactive,23000.0
CHEMBL2336721,O=C(CC12CC3CC(CC(C3)C1)C2)NO,active,1000.0
CHEMBL42527,Clc1ccc2c(NCCCNCCCNc3ccnc4cc(Cl)ccc34)ccnc2c1,active,26.0
CHEMBL237370,O=C(/C=C/c1ccc(Cl)cc1Cl)NO,active,410.0
CHEMBL3098984,COc1ccccc1CNC(=O)Nc1ccc2nc(C)cc(N)c2c1,inactive,100000.0
CHEMBL3098983,Cc1cc(N)c2cc(NC(=O)NCc3ccccc3Cl)ccc2n1,inactive,100000.0
CHEMBL3098982,Cc1cc(N)c2cc(NC(=O)Nc3ccc(C(=O)c4ccccc4)cc3)ccc2n1,inactive,67000.0
CHEMBL3098981,Cc1cc(N)c2cc(NC(=O)Nc3ccc(C(C)C)cc3)ccc2n1,inactive,62000.0
CHEMBL3098980,Cc1cc(N)c2cc(NC(=O)Nc3ccc(F)cc3)ccc2n1,inactive,32000.0
CHEMBL3098979,CCOC(=O)c1ccc(NC(=O)Nc2ccc3nc(C)cc(N)c3c2)cc1,inactive,51000.0
CHEMBL3098978,COc1ccc(NC(=O)Nc2ccc3nc(C)cc(N)c3c2)cc1,inactive,41000.0
CHEMBL3098977,Cc1cc(N)c2cc(NC(=O)Nc3ccc(-c4ccccc4)cc3)ccc2n1,inactive,79000.0
CHEMBL3098976,Cc1cc(N)c2cc(NC(=O)Nc3ccc4c(c3)OCO4)ccc2n1,inactive,41000.0
CHEMBL3098975,COc1ccsc1CCC(=O)Nc1ccc2nc(C)cc(N)c2c1,inactive,100000.0
CHEMBL3098974,COc1ccncc1CCC(=O)Nc1ccc2nc(C)cc(N)c2c1,inactive,100000.0
CHEMBL3098973,COc1ncccc1CCC(=O)Nc1ccc2nc(C)cc(N)c2c1,inactive,100000.0
CHEMBL3098972,COc1ccccc1CCCC(=O)Nc1ccc2nc(C)cc(N)c2c1,inactive,100000.0
CHEMBL3098971,Cc1cc(N)c2cc(NC(=O)Cc3ccccc3Cl)ccc2n1,inactive,100000.0
CHEMBL3098970,COc1ccccc1CC(=O)Nc1ccc2nc(C)cc(N)c2c1,inactive,100000.0
CHEMBL3099015,CCCOc1ccccc1CCC(=O)Nc1ccc2nc(C)cc(N)c2c1,inactive,100000.0
CHEMBL3099014,CCOc1ccccc1CCC(=O)Nc1ccc2nc(C)cc(N)c2c1,inactive,100000.0
CHEMBL3099013,COc1cc(Br)ccc1CCC(=O)Nc1ccc2nc(C)cc(N)c2c1,inactive,100000.0
CHEMBL3099012,COc1cc(Cl)ccc1CCC(=O)Nc1ccc2nc(C)cc(N)c2c1,inactive,100000.0
CHEMBL3099011,COc1ccc(Cl)cc1CCC(=O)Nc1ccc2nc(C)cc(N)c2c1,inactive,100000.0
CHEMBL3099010,COc1ccc(Br)cc1CCC(=O)Nc1ccc2nc(C)cc(N)c2c1,inactive,100000.0
CHEMBL3099009,COc1ccccc1/C=C/C(=O)Nc1ccc2nc(C)cc(N)c2c1,inactive,100000.0
CHEMBL3099008,Cc1cc(N)c2cc(NC(=O)CCc3ccc(F)cc3)ccc2n1,inactive,100000.0
CHEMBL3099007,Cc1cc(N)c2cc(NC(=O)CCc3ccccc3C(F)(F)F)ccc2n1,inactive,100000.0
CHEMBL3099006,Cc1cc(N)c2cc(NC(=O)CCc3ccccc3C)ccc2n1,inactive,100000.0
CHEMBL3099005,Cc1cc(N)c2cc(NC(=O)CCc3ccccc3Cl)ccc2n1,inactive,100000.0
CHEMBL3099004,Cc1cc(N)c2cc(NC(=O)CCc3ccccc3OC(=O)c3ccccc3)ccc2n1,inactive,100000.0
CHEMBL3099003,COc1cccc(CCC(=O)Nc2ccc3nc(C)cc(N)c3c2)c1OC,inactive,100000.0
CHEMBL3099002,COc1ccc(OC)c(CCC(=O)Nc2ccc3nc(C)cc(N)c3c2)c1,inactive,100000.0
CHEMBL3099001,COc1cccc(CCC(=O)Nc2ccc3nc(C)cc(N)c3c2)c1,inactive,100000.0
CHEMBL3099000,COc1ccc(CCC(=O)Nc2ccc3nc(C)cc(N)c3c2)cc1,inactive,100000.0
CHEMBL3098999,Cc1cc(N)c2cc(NC(=O)c3cccc(-c4cccc5cccnc45)c3)ccc2n1,inactive,79000.0
CHEMBL3098998,Cc1cc(N)c2cc(NC(=O)c3cccc(-c4cccc5ncccc45)c3)ccc2n1,inactive,68000.0
CHEMBL3098997,Cc1cc(N)c2cc(NC(=O)c3cccc(-c4cncc5ccccc45)c3)ccc2n1,inactive,100000.0
CHEMBL3098996,Cc1cc(N)c2cc(NC(=O)c3cccc(-c4cnc5ccccc5c4)c3)ccc2n1,inactive,45000.0
CHEMBL3098995,Cc1cc(N)c2cc(NC(=O)c3cccc(-c4ccc5ncccc5c4)c3)ccc2n1,inactive,26000.0
CHEMBL3098994,Cc1cc(N)c2cc(NC(=O)c3ccc(-c4cccc5cccnc45)cc3)ccc2n1,inactive,65000.0
CHEMBL3098993,Cc1cc(N)c2cc(NC(=O)c3ccc(-c4cccc5ncccc45)cc3)ccc2n1,inactive,34000.0
CHEMBL3098992,Cc1cc(N)c2cc(NC(=O)c3ccc(-c4cncc5ccccc45)cc3)ccc2n1,inactive,65000.0
CHEMBL3098991,Cc1cc(N)c2cc(NC(=O)c3ccc(-c4cnc5ccccc5c4)cc3)ccc2n1,inactive,100000.0
CHEMBL3098990,COc1ccccc1CCC(=O)Nc1ccc2nc(C)cc(N)c2c1,inactive,100000.0
CHEMBL87699,Cc1cc(N)c2cc(NC(=O)CCc3ccccc3)ccc2n1,inactive,100000.0
CHEMBL3098989,Cc1cc(N)c2cc(NC(=O)Cc3ccc4c(c3)OCO4)ccc2n1,inactive,100000.0
CHEMBL3098988,Cc1cc(N)c2cc(NC(=O)Cc3ccccc3)ccc2n1,inactive,100000.0
CHEMBL3098987,Cc1cc(N)c2cc(NC(=O)COc3ccc(OCc4ccccc4)cc3)ccc2n1,inactive,100000.0
CHEMBL3098986,COc1ccc(/C=C/C(=O)Nc2ccc3nc(C)cc(N)c3c2)cc1,inactive,100000.0
CHEMBL3098985,Cc1cc(N)c2cc(NC(=O)c3cccc(-c4ccc(N(C)C)cc4)c3)ccc2n1,inactive,69000.0
CHEMBL3099031,Cc1cc(N)c2cc(NC(=O)c3ccc(-c4ccc5ncccc5c4)cc3)ccc2n1,inactive,38000.0
CHEMBL3099030,Cc1cc(N)c2cc(NC(=O)c3ccc(-c4cccnc4)cc3)ccc2n1,inactive,23000.0
CHEMBL3099029,Cc1cc(N)c2cc(NC(=O)c3ccc(-c4ccccc4)cc3)ccc2n1,inactive,100000.0
CHEMBL3099028,COc1ccc2[nH]c(C(=O)Nc3ccc4nc(C)cc(N)c4c3)cc2c1,inactive,35000.0
CHEMBL3099027,Cc1cc(N)c2cc(NC(=O)c3cc4ccccc4o3)ccc2n1,inactive,100000.0
CHEMBL3099026,Cc1cc(N)c2cc(NC(=O)c3ccc4ccccc4n3)ccc2n1,inactive,100000.0
CHEMBL3098140,Cc1cc(N)c2cc(NC(=O)c3cc4ccccc4cn3)ccc2n1,inactive,100000.0
CHEMBL3099025,Cc1cc(N)c2cc(NC(=O)c3ccc(N4CCOCC4)cc3)ccc2n1,inactive,27000.0
CHEMBL3099024,Cc1cc(N)c2cc(NC(=O)c3cccc(N(C)C)c3)ccc2n1,inactive,100000.0
CHEMBL3099023,Cc1cc(N)c2cc(NC(=O)c3ccco3)ccc2n1,inactive,47000.0
CHEMBL3099022,Cc1cc(N)c2cc(NC(=O)c3cccnc3)ccc2n1,inactive,100000.0
CHEMBL3099021,Cc1cc(N)c2cc(NC(=O)c3cccc(C(=O)c4ccccc4)c3)ccc2n1,inactive,100000.0
CHEMBL3099020,Cc1cc(N)c2cc(NC(=O)c3ccc(Oc4ccccc4)cc3)ccc2n1,inactive,100000.0
CHEMBL87223,Cc1cc(N)c2cc(NC(=O)Nc3ccc4nc(C)cc(N)c4c3)ccc2n1,intermediate,7200.0
CHEMBL3103456,O=C(CC(CCOCC12CC3CC(CC(Br)(C3)C1)C2)c1ccc(Cl)cc1Cl)NO,inactive,13000.0
CHEMBL3103455,C=CCOCCC(CC(=O)NO)c1ccc(Cl)cc1Cl,intermediate,5400.0
CHEMBL3103454,O=C(CC(CCOCc1ccccc1)c1ccc(Cl)cc1Cl)NO,intermediate,2900.0
CHEMBL3103453,O=C(CC(CCOCCc1ccc(F)cc1)c1ccc(Cl)cc1Cl)NO,active,970.0
CHEMBL3103452,O=C(CC(CC(=O)NCCC1CC1)c1ccc(Cl)cc1Cl)NO,intermediate,9200.0
CHEMBL3103451,COc1ccc(CCNC(=O)CC(CC(=O)NO)c2ccc(Cl)cc2Cl)cc1,intermediate,6700.0
CHEMBL3103450,O=C(CC(CC(=O)NCCc1ccc(F)cc1)c1ccc(Cl)cc1Cl)NO,intermediate,2600.0
CHEMBL3103449,O=C(CC(CC(=O)Nc1ccc(Br)cc1)c1ccc(Cl)cc1Cl)NO,intermediate,6400.0
CHEMBL3103448,Cc1ccccc1NC(=O)CC(CC(=O)NO)c1ccc(Cl)cc1Cl,intermediate,2000.0
CHEMBL3103447,COc1cc(F)ccc1NC(=O)CC(CC(=O)NO)c1ccc(Cl)cc1Cl,intermediate,1100.0
CHEMBL3112880,CC(C)Oc1c(C(Nc2ccccn2)c2ccccc2)ccc2cccnc12,inactive,100000.0
CHEMBL224325,Cc1ccc2c(Cl)cc(Cl)c(O)c2n1,inactive,10100.0
CHEMBL1200596,Oc1c(Cl)cc(Cl)c2cccnc12,inactive,11500.0
CHEMBL3112927,Cc1ccc2c(Cl)cc(I)c(O)c2n1,inactive,14100.0
CHEMBL497,Oc1c(I)cc(Cl)c2cccnc12,inactive,20300.0
CHEMBL1688558,Oc1c(C(Nc2ccccn2)c2ccccc2)ccc2cccnc12,intermediate,2200.0
CHEMBL3112926,Oc1c(CNc2ccccn2)ccc2cccnc12,inactive,26700.0
CHEMBL316892,Cc1ccc2cccc(O)c2n1,inactive,30000.0
CHEMBL310555,Oc1cccc2cccnc12,inactive,30000.0
CHEMBL3112925,Cc1cccc(NC(c2cccnc2)c2ccc3cccnc3c2O)c1,intermediate,6700.0
CHEMBL3112924,Cc1cccc(NC(c2ccccn2)c2ccc3cccnc3c2O)c1,inactive,16700.0
CHEMBL3112923,Cc1cc(Cl)ccc1NC(c1cccnc1)c1ccc2cccnc2c1O,intermediate,2300.0
CHEMBL3112922,Cc1cc(Cl)ccc1NC(c1ccccn1)c1ccc2cccnc2c1O,intermediate,5200.0
CHEMBL3112921,COc1ccc(C)cc1NC(c1cccnc1)c1ccc2cccnc2c1O,intermediate,4400.0
CHEMBL3112920,COc1ccc(C)cc1NC(c1ccccn1)c1ccc2cccnc2c1O,intermediate,5100.0
CHEMBL3112919,CCCOC(=O)c1ccc(NC(c2cccnc2)c2ccc3cccnc3c2O)cc1,intermediate,3000.0
CHEMBL3112918,CCCOC(=O)c1ccc(NC(c2ccccn2)c2ccc3cccnc3c2O)cc1,intermediate,5600.0
CHEMBL3112917,COC(=O)c1cccc(NC(c2cccnc2)c2ccc3cccnc3c2O)c1,intermediate,4200.0
CHEMBL3112916,COC(=O)c1cccc(NC(c2ccccn2)c2ccc3cccnc3c2O)c1,intermediate,7800.0
CHEMBL3112915,CCOC(=O)c1ccc(NC(c2cccnc2)c2ccc3cccnc3c2O)cc1,intermediate,2900.0
CHEMBL3112914,CCOC(=O)c1ccc(NC(c2ccccn2)c2ccc3cccnc3c2O)cc1,intermediate,5100.0
CHEMBL3112913,Oc1c(C(Nc2ccccc2Cl)c2cccnc2)ccc2cccnc12,intermediate,1900.0
CHEMBL3112912,Oc1c(C(Nc2ccccc2Cl)c2ccccn2)ccc2cccnc12,intermediate,5600.0
CHEMBL1383321,Cc1cccc(NC(c2ccc(C)s2)c2ccc3ccc(C)nc3c2O)n1,inactive,100000.0
CHEMBL3112911,Cc1ccc2ccc(C(Nc3ccccn3)c3ccc(C)s3)c(O)c2n1,intermediate,2000.0
CHEMBL3112910,COc1ccc(C(Nc2ccccn2)c2ccc3ccc(C)nc3c2O)cc1,intermediate,1900.0
CHEMBL3112909,COc1ccc(C(Nc2ccccn2)c2ccc3cccnc3c2O)cc1,intermediate,5600.0
CHEMBL3112908,Cc1ccnc(NC(c2ccc([N+](=O)[O-])cc2)c2ccc3ccc(C)nc3c2O)c1,active,1000.0
CHEMBL589706,Cc1ccnc(NC(c2ccc([N+](=O)[O-])cc2)c2ccc3cccnc3c2O)c1,intermediate,4300.0
CHEMBL3112907,Cc1cccc(NC(c2ccc(N(C)C)cc2)c2ccc3ccc(C)nc3c2O)n1,intermediate,4500.0
CHEMBL3112906,Cc1ccnc(NC(c2ccc(N(C)C)cc2)c2ccc3ccc(C)nc3c2O)c1,intermediate,2500.0
CHEMBL3112905,Cc1ccnc(NC(c2ccc(N(C)C)cc2)c2ccc3cccnc3c2O)c1,intermediate,3500.0
CHEMBL3112904,CN(C)c1ccc(C(NC(=O)Cc2ccccc2)c2ccc3cccnc3c2O)cc1,intermediate,7100.0
CHEMBL602720,CCC(=O)NC(c1ccc(N(C)C)cc1)c1ccc2cccnc2c1O,inactive,100000.0
CHEMBL3112903,CC(=O)NC(c1ccc(N(C)C)cc1)c1ccc2cccnc2c1O,inactive,100000.0
CHEMBL3112902,CC(=O)NC(c1ccc(C)cc1)c1ccc2cccnc2c1O,inactive,100000.0
CHEMBL3112901,Cc1ccc(C(Nc2ccccn2)c2ccc3ccc(C)nc3c2O)cc1,intermediate,2100.0
CHEMBL1497004,Cc1ccc(C(Nc2ccccn2)c2ccc3cccnc3c2O)cc1,intermediate,2500.0
CHEMBL3112900,Cc1ccc2ccc(C(Nc3ccccn3)c3ccc(F)cc3)c(O)c2n1,intermediate,2800.0
CHEMBL3112899,Oc1c(C(Nc2ccccn2)c2ccc(F)cc2)ccc2cccnc12,intermediate,7100.0
CHEMBL591848,CCC(=O)NC(c1ccc(OC)c(OC)c1)c1ccc2cccnc2c1O,inactive,100000.0
CHEMBL3112898,COc1ccc(C(Nc2ccccn2)c2ccc3ccc(C)nc3c2O)cc1OC,intermediate,3000.0
CHEMBL3112897,COc1ccc(C(Nc2ccccn2)c2ccc3cccnc3c2O)cc1OC,intermediate,6200.0
CHEMBL3112896,Cc1ccnc(NC(c2ccc(Cl)c(Cl)c2)c2ccc3ccc(C)nc3c2O)c1,intermediate,1200.0
CHEMBL3112895,Cc1ccnc(NC(c2ccc(Cl)c(Cl)c2)c2ccc3cccnc3c2O)c1,intermediate,1500.0
CHEMBL3112894,COc1cccc(C(Nc2cc(C)ccn2)c2ccc3ccc(C)nc3c2O)c1,intermediate,2000.0
CHEMBL598057,COc1cccc(C(Nc2cc(C)ccn2)c2ccc3cccnc3c2O)c1,intermediate,3300.0
CHEMBL1594475,COc1cccc(C(NC(C)=O)c2ccc3cccnc3c2O)c1,inactive,100000.0
CHEMBL3112893,Cc1cccc(NC(c2cccc(OCc3ccccc3)c2)c2ccc3ccc(C)nc3c2O)n1,intermediate,3500.0
CHEMBL3112892,Cc1ccc2ccc(C(Nc3ccccn3)c3cccc(OCc4ccccc4)c3)c(O)c2n1,intermediate,1400.0
CHEMBL3112891,Cc1ccnc(NC(c2cccc([N+](=O)[O-])c2)c2ccc3ccc(C)nc3c2O)c1,intermediate,1100.0
CHEMBL3112890,Cc1ccnc(NC(c2cccc([N+](=O)[O-])c2)c2ccc3cccnc3c2O)c1,intermediate,4600.0
CHEMBL3112889,Cc1ccnc(NC(c2ccccn2)c2ccc3ccc(C)nc3c2O)c1,intermediate,2100.0
CHEMBL3112888,Cc1ccnc(NC(c2ccccn2)c2ccc3cccnc3c2O)c1,inactive,13400.0
CHEMBL3112887,Cc1ccnc(NC(c2ccccc2[N+](=O)[O-])c2ccc3ccc(C)nc3c2O)c1,active,900.0
CHEMBL3112886,Cc1cccc(NC(c2ccccc2[N+](=O)[O-])c2ccc3ccc(C)nc3c2O)n1,inactive,10700.0
CHEMBL3112885,Cc1ccc2ccc(C(Nc3ccccn3)c3ccccc3C)c(O)c2n1,intermediate,1600.0
CHEMBL3112884,Cc1ccccc1C(Nc1ccccn1)c1ccc2cccnc2c1O,intermediate,3600.0
CHEMBL3112883,O=C(NC(c1ccccc1Cl)c1ccc2cccnc2c1O)c1ccccc1,active,800.0
CHEMBL3112882,CC(C)C(=O)NC(c1ccccc1Cl)c1ccc2cccnc2c1O,inactive,100000.0
CHEMBL1555271,CCCC(=O)NC(c1ccccc1Cl)c1ccc2cccnc2c1O,inactive,100000.0
CHEMBL605493,CCC(=O)NC(c1ccccc1Cl)c1ccc2cccnc2c1O,inactive,100000.0
CHEMBL3112881,O=C(/C=C/c1sc2cc(F)ccc2c1Cl)NO,active,150.0
CHEMBL237370,O=C(/C=C/c1ccc(Cl)cc1Cl)NO,active,670.0
CHEMBL3264170,Clc1ccc2c(NCCNC34CC5CC(CC(C5)C3)C4)ccnc2c1,inactive,11810.0
CHEMBL3216444,Cl.Cl.N=C(N)c1ccc(Oc2ccc(-c3cc4ccc(C(=N)N)cc4[nH]3)cc2)cc1,intermediate,2620.0
CHEMBL450398,CC(=O)O[C@H]1C[C@H]2[C@H]([C@@H]3CC[C@H]([C@H](C)CCCNCCNc4ccnc5cc(Cl)ccc45)[C@@]13C)[C@H](OC(C)=O)C[C@@H]1C[C@H](OC(C)=O)CC[C@@]12C,intermediate,3800.0
CHEMBL3264171,CC(=O)O[C@H]1C[C@H]2[C@H]([C@@H]3CC[C@H]([C@H](C)CCCNCCCNc4ccnc5cc(Cl)ccc45)[C@@]13C)[C@H](OC(C)=O)C[C@@H]1C[C@H](OC(C)=O)CC[C@@]12C,intermediate,2280.0
CHEMBL3264174,CC(=O)O[C@H]1C[C@H]2[C@H]([C@@H]3CC[C@H]([C@H](C)CCCNCCNc4ccnc5cc(Cl)ccc45)[C@@]13C)[C@H](OC(C)=O)C[C@@H]1C[C@H](O)CC[C@@]12C,intermediate,4680.0
CHEMBL3264175,CC(=O)O[C@H]1C[C@H]2[C@H]([C@@H]3CC[C@H]([C@H](C)CCCNCCCNc4ccnc5cc(Cl)ccc45)[C@@]13C)[C@H](OC(C)=O)C[C@@H]1C[C@H](O)CC[C@@]12C,intermediate,5180.0
CHEMBL3264178,CC(=O)O[C@H]1C[C@H]2[C@H]([C@@H]3CC[C@H]([C@H](C)CCCNCCNc4ccnc5cc(Cl)ccc45)[C@@]13C)[C@H](OC(C)=O)C[C@@H]1CC(=O)CC[C@]21C,intermediate,5700.0
CHEMBL3264179,CC(=O)O[C@H]1C[C@H]2[C@H]([C@@H]3CC[C@H]([C@H](C)CCCNCCCNc4ccnc5cc(Cl)ccc45)[C@@]13C)[C@H](OC(C)=O)C[C@@H]1CC(=O)CC[C@]21C,intermediate,2320.0
CHEMBL3264183,CC(=O)O[C@H]1C[C@H]2[C@H]([C@@H]3CC[C@H]([C@H](C)CCCN(C)CCCNc4ccnc5cc(Cl)ccc45)[C@@]13C)[C@H](OC(C)=O)C[C@@H]1C[C@H](OC(C)=O)CC[C@@]12C,intermediate,4480.0
CHEMBL3264184,CC(=O)N[C@@H]1CC[C@@]2(C)[C@@H](C1)C[C@@H](OC(C)=O)[C@@H]1[C@@H]2C[C@H](OC(C)=O)[C@@]2(C)[C@H]1CC[C@@H]2[C@H](C)CCCNCCNc1ccnc2cc(Cl)ccc12,intermediate,2460.0
CHEMBL3264185,CC(=O)N[C@@H]1CC[C@@]2(C)[C@@H](C1)C[C@@H](OC(C)=O)[C@@H]1[C@@H]2C[C@H](OC(C)=O)[C@@]2(C)[C@H]1CC[C@@H]2[C@H](C)CCCNCCCNc1ccnc2cc(Cl)ccc12,intermediate,4920.0
CHEMBL3264186,CC(=O)O[C@H]1C[C@H]2[C@H]([C@@H]3CC[C@H]([C@H](C)CCCNCCNc4ccnc5cc(Cl)ccc45)[C@@]13C)[C@H](OC(C)=O)C[C@@H]1C[C@H](NS(C)(=O)=O)CC[C@@]12C,intermediate,5090.0
CHEMBL3264187,CC(=O)O[C@H]1C[C@H]2[C@H]([C@@H]3CC[C@H]([C@H](C)CCCNCCCNc4ccnc5cc(Cl)ccc45)[C@@]13C)[C@H](OC(C)=O)C[C@@H]1C[C@H](NS(C)(=O)=O)CC[C@@]12C,intermediate,3250.0
CHEMBL3264188,CC(=O)O[C@H]1C[C@H]2[C@H]([C@@H]3CC[C@H]([C@H](C)CCCNCCNc4ccnc5cc(Cl)ccc45)[C@@]13C)[C@H](OC(C)=O)C[C@@H]1C[C@H](NC(=O)OC(C)(C)C)CC[C@@]12C,intermediate,4900.0
CHEMBL3264189,CC(=O)O[C@H]1C[C@H]2[C@H]([C@@H]3CC[C@H]([C@H](C)CCCNCCCNc4ccnc5cc(Cl)ccc45)[C@@]13C)[C@H](OC(C)=O)C[C@@H]1C[C@H](NC(=O)OC(C)(C)C)CC[C@@]12C,intermediate,3240.0
CHEMBL3264190,CC(=O)O[C@H]1C[C@H]2[C@H]([C@@H]3CC[C@H]([C@H](C)CCCN(C)CCNc4ccnc5cc(Cl)ccc45)[C@@]13C)[C@H](OC(C)=O)C[C@@H]1C[C@H](NS(C)(=O)=O)CC[C@@]12C,inactive,24970.0
CHEMBL3264191,CC(=O)O[C@H]1C[C@H]2[C@H]([C@@H]3CC[C@H]([C@H](C)CCCN(C)CCCNc4ccnc5cc(Cl)ccc45)[C@@]13C)[C@H](OC(C)=O)C[C@@H]1C[C@H](NS(C)(=O)=O)CC[C@@]12C,intermediate,8210.0
CHEMBL3264192,CC(=O)O[C@H]1C[C@H]2[C@H]([C@@H]3CC[C@H]([C@H](C)CCCN(C)CCNc4ccnc5cc(Cl)ccc45)[C@@]13C)[C@H](OC(C)=O)C[C@@H]1C[C@H](NC(=O)OC(C)(C)C)CC[C@@]12C,intermediate,6780.0
CHEMBL3264496,CC(=O)O[C@H]1C[C@H]2[C@H]([C@@H]3CC[C@H]([C@H](C)CCCN(C)CCCNc4ccnc5cc(Cl)ccc45)[C@@]13C)[C@H](OC(C)=O)C[C@@H]1C[C@H](NC(=O)OC(C)(C)C)CC[C@@]12C,intermediate,6620.0
CHEMBL3264497,CC(=O)O[C@H]1C[C@H]2[C@H]([C@@H]3CC[C@H]([C@H](C)CCCNCCNc4ccnc5cc(Cl)ccc45)[C@@]13C)[C@H](OC(C)=O)C[C@@H]1C[C@H](N(C)C)CC[C@@]12C,intermediate,1020.0
CHEMBL3264498,CC(=O)O[C@H]1C[C@H]2[C@H]([C@@H]3CC[C@H]([C@H](C)CCCNCCCNc4ccnc5cc(Cl)ccc45)[C@@]13C)[C@H](OC(C)=O)C[C@@H]1C[C@H](N(C)C)CC[C@@]12C,intermediate,1340.0
CHEMBL3264499,CC(=O)O[C@H]1C[C@H]2[C@H]([C@@H]3CC[C@H]([C@H](C)CCCNCCNc4ccnc5cc(Cl)ccc45)[C@@]13C)[C@H](OC(C)=O)C[C@@H]1C[C@H](N)CC[C@@]12C,active,810.0
CHEMBL3264500,CC(=O)O[C@H]1C[C@H]2[C@H]([C@@H]3CC[C@H]([C@H](C)CCCNCCCNc4ccnc5cc(Cl)ccc45)[C@@]13C)[C@H](OC(C)=O)C[C@@H]1C[C@H](N)CC[C@@]12C,intermediate,1040.0
CHEMBL3264501,CC(=O)O[C@H]1C[C@H]2[C@H]([C@@H]3CC[C@H]([C@H](C)CCCN(C)CCNc4ccnc5cc(Cl)ccc45)[C@@]13C)[C@H](OC(C)=O)C[C@@H]1C[C@H](N)CC[C@@]12C,intermediate,1140.0
CHEMBL3264502,CC(=O)O[C@H]1C[C@H]2[C@H]([C@@H]3CC[C@H]([C@H](C)CCCN(C)CCCNc4ccnc5cc(Cl)ccc45)[C@@]13C)[C@H](OC(C)=O)C[C@@H]1C[C@H](N)CC[C@@]12C,intermediate,1130.0
CHEMBL3264503,CC(=O)O[C@H]1C[C@H]2[C@H]([C@@H]3CC[C@H]([C@H](C)CCCN(C)CCNc4ccnc5cc(Cl)ccc45)[C@@]13C)[C@H](OC(C)=O)C[C@@H]1C[C@H](N(C)C)CC[C@@]12C,intermediate,2270.0
CHEMBL3264504,CC(=O)O[C@H]1C[C@H]2[C@H]([C@@H]3CC[C@H]([C@H](C)CCCN(C)CCCNc4ccnc5cc(Cl)ccc45)[C@@]13C)[C@H](OC(C)=O)C[C@@H]1C[C@H](N(C)C)CC[C@@]12C,intermediate,1290.0
CHEMBL3264505,CC(=O)O[C@H]1C[C@H]2[C@H]([C@@H]3CC[C@H]([C@H](C)CCCN(CCC[C@@H](C)[C@H]4CC[C@H]5[C@H]6[C@H](C[C@H](OC(C)=O)[C@@]54C)[C@@]4(C)CC[C@@H](N)C[C@H]4C[C@H]6OC(C)=O)CCNc4ccnc5cc(Cl)ccc45)[C@@]13C)[C@H](OC(C)=O)C[C@@H]1C[C@H](N)CC[C@@]12C,intermediate,3050.0
CHEMBL3264507,CC(=O)O[C@H]1C[C@H]2[C@H]([C@@H]3CC[C@H]([C@H](C)CCCN(CCCNc4ccnc5cc(Cl)ccc45)CCC[C@@H](C)[C@H]4CC[C@H]5[C@H]6[C@H](C[C@H](OC(C)=O)[C@@]54C)[C@@]4(C)CC[C@@H](N)C[C@H]4C[C@H]6OC(C)=O)[C@@]13C)[C@H](OC(C)=O)C[C@@H]1C[C@H](N)CC[C@@]12C,active,630.0
CHEMBL3309329,ONCC12CC3CC(CC(C3)C1)C2,intermediate,1600.0
CHEMBL3311534,NCC(=O)Nc1ccc(Oc2ccccc2)cc1,inactive,163000.0
CHEMBL3309329,ONCC12CC3CC(CC(C3)C1)C2,intermediate,1500.0
CHEMBL3311534,NCC(=O)Nc1ccc(Oc2ccccc2)cc1,inactive,258000.0
CHEMBL3309327,C=CC(=O)Nc1cccnc1,inactive,48000.0
CHEMBL2426254,C=CC(=O)Nc1ccccn1,inactive,100000.0
CHEMBL3309326,O=C(NCc1ccc(-c2ccccc2)cc1)c1nc[nH]n1,inactive,210000.0
CHEMBL3309325,COc1ccc(OC)c(Cn2cnc(C(=O)NCc3ccc(-c4ccccc4)cc3)n2)c1,inactive,40000.0
CHEMBL3309324,O=C1C=CC(=O)C(Nc2ccccn2)=C1,inactive,97000.0
CHEMBL3309323,COC(=O)c1cccc(NC2=CC(=O)C=CC2=O)n1,inactive,14000.0
CHEMBL3309322,O=C(NCc1ccc(Oc2ccccc2)cc1)c1ccccn1,inactive,570000.0
CHEMBL3309321,COc1ccc(OC)c(Nc2cccc(C(=O)NCc3ccc(Oc4ccccc4)cc3)n2)c1,inactive,200000.0
CHEMBL3309320,COc1ccc(OC)c(CNCC(=O)Nc2cccc(OCc3ccccc3)c2)c1,inactive,25000.0
CHEMBL3311538,O=C1C=CC(=O)C(Cn2cnc(C(=O)NCc3ccc(-c4ccccc4)cc3)n2)=C1,intermediate,2500.0
CHEMBL3311537,O=C1C=CC(=O)C(Nc2cccc(C(=O)NCc3ccc(Oc4ccccc4)cc3)n2)=C1,intermediate,2300.0
CHEMBL3311536,O=C1C=CC(=O)C(CNCC(=O)Nc2cccc(OCc3ccccc3)c2)=C1,inactive,18000.0
CHEMBL3311535,NCC(=O)NCc1ccc(-c2ccccc2)cc1,inactive,160000.0
CHEMBL3311534,NCC(=O)Nc1ccc(Oc2ccccc2)cc1,inactive,120000.0
CHEMBL3311533,NCC(=O)Nc1cccc(OCc2ccccc2)c1,inactive,417000.0
CHEMBL3311531,O=C1C=CC(=O)C(CC(=O)O)=C1,intermediate,9300.0
CHEMBL3580849,CC[C@@H](C)[C@@H](NS(=O)(=O)c1cccc(-c2ccc(Cl)cc2)c1)C(=O)NO,active,950.0
CHEMBL3580848,CC[C@H](C)[C@H](NS(=O)(=O)c1ccc(-c2ccc(C)cc2)cc1)C(=O)NO,inactive,100000.0
CHEMBL3580830,CC[C@H](C)[C@H](NS(=O)(=O)c1ccc(-c2ccc(F)cc2)cc1)C(=O)NO,intermediate,9600.0
CHEMBL3580831,CC[C@H](C)[C@H](NS(=O)(=O)c1ccc(-c2ccc(NC(C)=O)cc2)cc1)C(=O)NO,inactive,100000.0
CHEMBL3580832,CC[C@H](C)[C@H](NS(=O)(=O)c1ccc(-c2ccc(OC)cc2)cc1)C(=O)NO,inactive,100000.0
CHEMBL3580833,CC[C@H](C)[C@H](NS(=O)(=O)c1ccc(-c2ccccc2)cc1)C(=O)NO,inactive,27690.0
CHEMBL3580834,CC[C@H](C)[C@H](NS(=O)(=O)c1cccc(-c2ccc(Cl)cc2)c1)C(=O)NO,intermediate,8140.0
CHEMBL3580835,CC[C@H](C)[C@H](NS(=O)(=O)c1ccc2c(c1)OCCO2)C(=O)NO,inactive,20750.0
CHEMBL3580836,CC[C@H](C)[C@H](NS(=O)(=O)c1ccccc1)C(=O)NO,inactive,100000.0
CHEMBL3580837,CC[C@H](C)[C@@H](NS(=O)(=O)c1ccc(-c2ccc(Cl)cc2)cc1)C(=O)NO,inactive,11850.0
CHEMBL3580838,CC[C@@H](C)[C@H](NS(=O)(=O)c1ccc(-c2ccc(Cl)cc2)cc1)C(=O)NO,inactive,41790.0
CHEMBL3580839,CC[C@@H](C)[C@@H](NS(=O)(=O)c1ccc(-c2ccc(Cl)cc2)cc1)C(=O)NO,intermediate,6910.0
CHEMBL3580840,CC(C)C[C@@H](NS(=O)(=O)c1ccc(-c2ccc(Cl)cc2)cc1)C(=O)NO,inactive,25870.0
CHEMBL3580841,CC(C)C[C@H](NS(=O)(=O)c1ccc(-c2ccc(Cl)cc2)cc1)C(=O)NO,inactive,24760.0
CHEMBL3580842,CC(C)[C@H](NS(=O)(=O)c1ccc(-c2ccc(Cl)cc2)cc1)C(=O)NO,inactive,38160.0
CHEMBL3580843,O=C(NO)[C@H](Cc1ccccc1)NS(=O)(=O)c1ccc(-c2ccc(Cl)cc2)cc1,inactive,100000.0
CHEMBL3580844,O=C(NO)[C@@H]1CCCN1S(=O)(=O)c1ccc(-c2ccc(Cl)cc2)cc1,inactive,100000.0
CHEMBL3580845,CC[C@H](C)[C@H](NS(=O)(=O)c1ccc(-c2ccc(Cl)cc2)cc1)C(=O)O,inactive,100000.0
CHEMBL3580846,CC[C@H](C)[C@H](NS(=O)(=O)c1ccc(-c2ccc(Cl)cc2)cc1)C(N)=O,inactive,100000.0
CHEMBL3580847,CC[C@H](C)[C@H](NS(=O)(=O)c1ccc(-c2ccc(Cl)cc2)cc1)C(=O)NO,inactive,10090.0
CHEMBL3604954,O=c1c2cc3c(cc2n(Cc2nc(-c4ccc(C(F)(F)F)cc4)no2)c(=O)n1Cc1nc(-c2ccc(C(F)(F)F)cc2)no1)OCO3,inactive,16000.0
CHEMBL3604953,O=C(COc1ccc(/C=C2\NC(=O)N(Cc3ccccc3F)C2=O)cc1)Nc1ccc(F)cc1,inactive,26000.0
CHEMBL3604952,O=C(COc1cccc(/C=C2\NC(=O)N(Cc3ccccc3F)C2=O)c1)Nc1ccc(F)cc1,inactive,50000.0
CHEMBL3604951,Cc1ccc(-c2nc(SCC(=O)N3CCCC[C@@H]3C)c(S(=O)(=O)c3ccccc3)[nH]2)cc1,inactive,159000.0
CHEMBL3604950,COc1cccc(CN2C(=O)c3ccccc3[C@@H]2C(=O)NC2CCC(C)CC2)c1,inactive,157000.0
CHEMBL3604949,CC[C@@H]1Oc2ccccc2N(CC(=O)NCCCN2CCC(Cc3ccccc3)CC2)C1=O,inactive,154000.0
CHEMBL3604948,Cc1cc(NC(=S)N(CCCN2CCC[C@@H](C)C2)Cc2cccs2)ccc1Cl,inactive,92000.0
CHEMBL3604947,COC(=O)c1c(C)nc2n(CCN3CCCCC3)c3ccccc3n12,inactive,55000.0
CHEMBL3604946,O=c1[nH]c2cc3c(cc2c(=O)n1CCc1nc(-c2ccc(C(F)(F)F)cc2)no1)OCO3,inactive,24000.0
CHEMBL3604945,O=C(COc1ccccc1/C=C1\NC(=O)N(Cc2ccccc2F)C1=O)Nc1ccc(F)cc1,inactive,22000.0
CHEMBL3604944,N=C(N)NCCC[C@H](N)C(=O)N[C@@H](CCCNC(=N)N)C(=O)NCC(=O)N[C@@H](CS)C(=O)O,inactive,31000.0
CHEMBL4085501,Oc1c(C(Nc2ncccn2)c2ccc(F)cc2F)cc(Cl)c2cccnc12,intermediate,2200.0
CHEMBL4059959,Cc1ccc2ccc(C(Nc3ncccn3)c3ccccc3F)c(O)c2n1,inactive,12000.0
CHEMBL4071334,Cc1ccc2ccc(C(Nc3cccnc3)c3ccccc3F)c(O)c2n1,active,700.0
CHEMBL3112900,Cc1ccc2ccc(C(Nc3ccccn3)c3ccc(F)cc3)c(O)c2n1,intermediate,1600.0
CHEMBL4068440,Cc1ccc2ccc(C(Nc3cccnc3)c3ccc(F)cc3)c(O)c2n1,active,800.0
CHEMBL4095785,Cc1ccc2ccc(C(Nc3ncccn3)c3ccc(F)cc3)c(O)c2n1,intermediate,4200.0
CHEMBL4059783,Cc1ccc2ccc(C(Nc3ccccn3)c3ccc(F)cc3F)c(O)c2n1,intermediate,2700.0
CHEMBL4088059,Cc1ccc2ccc(C(Nc3cccnc3)c3ccc(F)cc3F)c(O)c2n1,inactive,12300.0
CHEMBL4087160,Cc1ccc2ccc(C(Nc3ncccn3)c3ccc(F)cc3F)c(O)c2n1,intermediate,4300.0
CHEMBL1945166,Oc1c(C(Nc2ccccn2)c2ccccc2)cc(Cl)c2cccnc12,intermediate,1500.0
CHEMBL4079277,Oc1c(C(Nc2cccnc2)c2ccccc2)cc(Cl)c2cccnc12,intermediate,3500.0
CHEMBL4090577,Oc1c(C(Nc2ncccn2)c2ccccc2)cc(Cl)c2cccnc12,intermediate,4500.0
CHEMBL2442244,Oc1c(C(Nc2ccccn2)c2ccccc2F)cc(Cl)c2cccnc12,intermediate,1400.0
CHEMBL4084638,Oc1c(C(Nc2cccnc2)c2ccccc2F)cc(Cl)c2cccnc12,active,700.0
CHEMBL4076803,Oc1c(C(Nc2ncccn2)c2ccccc2F)cc(Cl)c2cccnc12,intermediate,4000.0
CHEMBL4091467,Oc1c(C(Nc2ccccn2)c2ccc(F)cc2)cc(Cl)c2cccnc12,active,600.0
CHEMBL4061926,Oc1c(C(Nc2cccnc2)c2ccc(F)cc2)cc(Cl)c2cccnc12,intermediate,2300.0
CHEMBL4100165,Oc1c(C(Nc2ncccn2)c2ccc(F)cc2)cc(Cl)c2cccnc12,active,700.0
CHEMBL4089872,Oc1c(C(Nc2ccccn2)c2ccc(F)cc2F)cc(Cl)c2cccnc12,active,700.0
CHEMBL4060854,Oc1c(C(Nc2cccnc2)c2ccc(F)cc2F)cc(Cl)c2cccnc12,active,600.0
CHEMBL4098372,Cc1ccc2ccc(C(Nc3ccccn3)c3ccccc3F)c(O)c2n1,intermediate,1400.0
CHEMBL4062693,Cc1ccc2ccc(C(Nc3ncccn3)c3ccccc3)c(O)c2n1,intermediate,4600.0
CHEMBL4099530,Cc1ccc2ccc(C(Nc3cccnc3)c3ccccc3)c(O)c2n1,intermediate,1400.0
CHEMBL1488172,Cc1ccc2ccc(C(Nc3ccccn3)c3ccccc3)c(O)c2n1,active,700.0
CHEMBL4095202,Oc1c(C(Nc2ncccn2)c2ccc(F)cc2F)ccc2cccnc12,inactive,12700.0
CHEMBL4093118,Oc1c(C(Nc2cccnc2)c2ccc(F)cc2F)ccc2cccnc12,intermediate,4400.0
CHEMBL4072352,Oc1c(C(Nc2ccccn2)c2ccc(F)cc2F)ccc2cccnc12,intermediate,3600.0
CHEMBL4085460,Oc1c(C(Nc2ncccn2)c2ccc(F)cc2)ccc2cccnc12,intermediate,1700.0
CHEMBL4103385,Oc1c(C(Nc2cccnc2)c2ccc(F)cc2)ccc2cccnc12,intermediate,4600.0
CHEMBL3112899,Oc1c(C(Nc2ccccn2)c2ccc(F)cc2)ccc2cccnc12,intermediate,4100.0
CHEMBL4070394,Oc1c(C(Nc2ncccn2)c2ccccc2F)ccc2cccnc12,intermediate,1900.0
CHEMBL1688560,Oc1c(C(Nc2cccnc2)c2ccccc2F)ccc2cccnc12,intermediate,2400.0
CHEMBL1326401,Oc1c(C(Nc2ccccn2)c2ccccc2F)ccc2cccnc12,intermediate,1200.0
CHEMBL4081983,Oc1c(C(Nc2ncccn2)c2ccccc2)ccc2cccnc12,intermediate,2700.0
CHEMBL4099990,Oc1c(C(Nc2cccnc2)c2ccccc2)ccc2cccnc12,intermediate,6200.0
CHEMBL310555,Oc1cccc2cccnc12,intermediate,3900.0
CHEMBL316892,Cc1ccc2cccc(O)c2n1,intermediate,3900.0
CHEMBL225164,Oc1ccc(Cl)c2cccnc12,intermediate,1900.0
CHEMBL21619,Nc1ccccn1,intermediate,1800.0
CHEMBL25541,Nc1cccnc1,intermediate,3300.0
CHEMBL88580,Nc1ncccn1,intermediate,4600.0
CHEMBL15972,O=Cc1ccccc1,intermediate,2900.0
CHEMBL4084647,O=Cc1ccccc1F,intermediate,2800.0
CHEMBL3183207,O=Cc1ccc(F)cc1,intermediate,2300.0
CHEMBL4092237,O=Cc1ccc(F)cc1F,intermediate,4900.0
CHEMBL1688558,Oc1c(C(Nc2ccccn2)c2ccccc2)ccc2cccnc12,intermediate,1500.0
CHEMBL4070794,CC(=O)O[C@H]1C[C@H]2[C@H]([C@@H]3CC[C@H]([C@H](C)CCCNCCCCNc4ccnc5ccccc45)[C@@]13C)[C@H](OC(C)=O)C[C@@H]1C[C@H](N)CC[C@@]12C,intermediate,5700.0
CHEMBL4091673,CC(=O)O[C@H]1C[C@H]2[C@H]([C@@H]3CC[C@H]([C@H](C)CCCN(C)CCCCNc4ccnc5ccccc45)[C@@]13C)[C@H](OC(C)=O)C[C@@H]1C[C@H](N)CC[C@@]12C,intermediate,1500.0
CHEMBL4092633,CC(=O)O[C@H]1C[C@H]2[C@H]([C@@H]3CC[C@H]([C@H](C)CCCNCCCCNc4ccnc5cc(Cl)ccc45)[C@@]13C)[C@H](OC(C)=O)C[C@@H]1C[C@H](N)CC[C@@]12C,intermediate,4500.0
CHEMBL4064938,CC(=O)O[C@H]1C[C@H]2[C@H]([C@@H]3CC[C@H]([C@H](C)CCCNCCCC(C)Nc4ccnc5ccccc45)[C@@]13C)[C@H](OC(C)=O)C[C@@H]1C[C@H](N)CC[C@@]12C,intermediate,2700.0
CHEMBL4065254,CC(=O)O[C@H]1C[C@H]2[C@H]([C@@H]3CC[C@H]([C@H](C)CCCN(C)CCCC(C)Nc4ccnc5ccccc45)[C@@]13C)[C@H](OC(C)=O)C[C@@H]1C[C@H](N)CC[C@@]12C,active,700.0
CHEMBL4092916,CC(=O)O[C@H]1C[C@H]2[C@H]([C@@H]3CC[C@H]([C@H](C)CCCNC(C)CCCNc4ccnc5ccccc45)[C@@]13C)[C@H](OC(C)=O)C[C@@H]1C[C@H](N)CC[C@@]12C,intermediate,3000.0
CHEMBL4085175,CC(CCCNc1ccnc2ccccc12)NCc1ccc(-c2csc3ccc(F)cc23)cc1,intermediate,7400.0
CHEMBL4095363,CC(CCCNCc1ccc(-c2csc3ccc(C#N)cc23)cc1)Nc1ccnc2ccccc12,inactive,10200.0
CHEMBL4076269,N#Cc1ccc2scc(-c3ccc(CNCCCCNc4ccnc5ccccc45)cc3)c2c1,intermediate,4600.0
CHEMBL4061909,N#Cc1ccc2scc(-c3ccc(CNCCCCCCNc4ccnc5ccccc45)cc3)c2c1,intermediate,3300.0
CHEMBL4088919,CC(CCCNCc1ccc(-c2csc3ccc(F)cc23)cc1)Nc1ccnc2ccccc12,intermediate,8800.0
CHEMBL4088496,N#Cc1ccc(-c2ccc(-c3ccc(CNCCCCCCNc4ccnc5ccccc45)cc3)s2)cc1,intermediate,3400.0
CHEMBL4060273,N#Cc1ccc(-c2ccc(-c3cccc(CNCCCCCCNc4ccnc5ccccc45)c3)s2)cc1,intermediate,8700.0
CHEMBL4080629,N#Cc1ccc(-c2ccc(-c3ccc(CNCCCCCCCCNc4ccnc5ccccc45)cc3)s2)cc1,intermediate,6800.0
CHEMBL4103981,N#Cc1ccc(-c2ccc(-c3ccc(CNCCCCNc4ccnc5ccccc45)cc3)s2)cc1,intermediate,9300.0
CHEMBL4079717,CN(CCCNc1ccnc2cc(Cl)ccc12)CC12CC3CC(CC(C3)C1)C2,intermediate,8800.0
CHEMBL4096220,CC(CCN(C)CC12CC3CC(CC(C3)C1)C2)Nc1ccnc2cc(Cl)ccc12,inactive,11700.0
CHEMBL4095296,CC(CCN(C)CC12CC3CC(CC(C3)C1)C2)Nc1ccnc2ccccc12,intermediate,5200.0
CHEMBL4098680,CC(CCNc1ccnc2cc(Cl)ccc12)NCC12CC3CC(CC(C3)C1)C2,intermediate,2700.0
CHEMBL3264511,CC(=O)O[C@H]1C[C@H]2[C@H]([C@@H]3CC[C@H]([C@H](C)CCCNCCCCCCNc4ccnc5cc(Cl)ccc45)[C@@]13C)[C@H](OC(C)=O)C[C@@H]1C[C@H](NCCCCCCNc3ccnc4cc(Cl)ccc34)CC[C@@]12C,inactive,12400.0
CHEMBL4070794,CC(=O)O[C@H]1C[C@H]2[C@H]([C@@H]3CC[C@H]([C@H](C)CCCNCCCCNc4ccnc5ccccc45)[C@@]13C)[C@H](OC(C)=O)C[C@@H]1C[C@H](N)CC[C@@]12C,inactive,10000.0
CHEMBL4092633,CC(=O)O[C@H]1C[C@H]2[C@H]([C@@H]3CC[C@H]([C@H](C)CCCNCCCCNc4ccnc5cc(Cl)ccc45)[C@@]13C)[C@H](OC(C)=O)C[C@@H]1C[C@H](N)CC[C@@]12C,inactive,10000.0
CHEMBL4103115,C[C@H](CCCNCCCCNc1ccnc2cc(Cl)ccc12)[C@H]1CC[C@H]2[C@H]3[C@H](C[C@H](O)[C@@]21C)[C@@]1(C)CC[C@@H](N)C[C@H]1C[C@H]3O,intermediate,8000.0
CHEMBL4085175,CC(CCCNc1ccnc2ccccc12)NCc1ccc(-c2csc3ccc(F)cc23)cc1,inactive,10000.0
CHEMBL4081346,CC(CCCN(C)Cc1ccc(-c2csc3ccc(C#N)cc23)cc1)Nc1ccnc2ccccc12,inactive,10000.0
CHEMBL4080629,N#Cc1ccc(-c2ccc(-c3ccc(CNCCCCCCCCNc4ccnc5ccccc45)cc3)s2)cc1,inactive,10000.0
CHEMBL4098670,CN(CCCCCCCCNc1ccnc2ccccc12)Cc1ccc(-c2ccc(-c3ccc(C#N)cc3)s2)cc1,intermediate,5000.0
CHEMBL4096220,CC(CCN(C)CC12CC3CC(CC(C3)C1)C2)Nc1ccnc2cc(Cl)ccc12,inactive,10000.0
CHEMBL4092633,CC(=O)O[C@H]1C[C@H]2[C@H]([C@@H]3CC[C@H]([C@H](C)CCCNCCCCNc4ccnc5cc(Cl)ccc45)[C@@]13C)[C@H](OC(C)=O)C[C@@H]1C[C@H](N)CC[C@@]12C,intermediate,8000.0
CHEMBL4065069,O=S(=O)(c1ccc(O)c2ncccc12)N1CCc2ccc(Cl)cc21,inactive,12800.0
CHEMBL4100478,CN(c1cccc(Cl)c1)S(=O)(=O)c1ccc(O)c2ncccc12,intermediate,4280.0
CHEMBL4073657,CN(c1ccccc1)S(=O)(=O)c1ccc(O)c2ncccc12,intermediate,7190.0
CHEMBL4059608,O=S(=O)(Nc1cccc(Cl)c1)c1ccc(O)c2ncccc12,intermediate,7320.0
CHEMBL3392400,O=S(=O)(Nc1ccccc1)c1ccc(O)c2ncccc12,inactive,12700.0
CHEMBL3392431,O=S(=O)(c1ccc(O)c2ncccc12)N1CCCCC1,inactive,18300.0
CHEMBL4089388,CC(=O)NNc1ccc2c(S(=O)(=O)N3CCc4c(Cl)cccc43)ccc(O)c2n1,intermediate,5390.0
CHEMBL4061232,CNNc1ccc2c(S(=O)(=O)N3CCc4c(Cl)cccc43)ccc(O)c2n1,intermediate,3260.0
CHEMBL4074729,NNc1ccc2c(S(=O)(=O)N3CCc4c(Cl)cccc43)ccc(O)c2n1,intermediate,1550.0
CHEMBL4095197,CCNc1ccc2c(S(=O)(=O)N3CCc4c(Cl)cccc43)ccc(O)c2n1,inactive,28600.0
CHEMBL4084998,CNc1ccc2c(S(=O)(=O)N3CCc4c(Cl)cccc43)ccc(O)c2n1,inactive,37600.0
CHEMBL4102944,Nc1ccc2c(S(=O)(=O)N3CCc4c(Cl)cccc43)ccc(O)c2n1,intermediate,3360.0
CHEMBL4092754,O=S(=O)(c1ccc(O)c2ncccc12)N1CCc2c(Cl)cccc21,intermediate,3660.0
CHEMBL1232971,O=C(/C=C/c1ccc(Cl)cc1)NO,inactive,15000.0
CHEMBL237370,O=C(/C=C/c1ccc(Cl)cc1Cl)NO,active,410.0
CHEMBL4555861,N=C(N)NCCC[C@H](N)C(=O)N[C@@H](CCCNC(=N)N)C(=O)NCC(=O)N[C@@H](Cc1ccccc1)C(=O)O,active,900.0
CHEMBL4790141,CS(=O)(=O)SCCCCCN(O)C(=O)/C=C/c1ccc(Cl)cc1Cl,inactive,59000.0
CHEMBL4745069,CS(=O)(=O)SCCCCCCN(O)C(=O)/C=C/c1ccc(Cl)cc1Cl,inactive,34000.0
CHEMBL4761825,CS(=O)(=O)SCCCNC(=O)CC(CC(=O)NO)c1ccc(Cl)cc1Cl,inactive,35000.0
CHEMBL4788170,CCCCCNC(=O)CC(CC(=O)NO)c1ccc(Cl)cc1Cl,intermediate,5700.0
CHEMBL237370,O=C(/C=C/c1ccc(Cl)cc1Cl)NO,active,410.0
CHEMBL4777863,CC[C@@H](C)[C@@H](NS(=O)(=O)c1cccc(-c2cc3ccccc3o2)c1)C(=O)NO,inactive,14000.0
CHEMBL4742073,CC[C@@H](C)[C@@H](NS(=O)(=O)c1cccc(-c2ccccc2Cl)c1)C(=O)NO,active,587.0
